label,total_trades,wins,win_rate,total_pnl,avg_win,avg_loss,profit_factor,max_drawdown
BTC - Original (Point-based),1188,1142,96.12794612794613,95.51360529190927,0.2823276024503722,-4.932706884922081,1.4209418423146296,-112.9002263584965
BTC - Adapted (Percentage-based),1138,963,84.62214411247804,793.7909769612204,1.6648037942125777,-4.625229010659954,1.9806970485838038,-66.00043186124455
ETH - Original (Point-based),1204,1113,92.44186046511628,1032.4065530659084,1.3233977808416921,-4.841045901218625,3.3435280698149015,-35.404229321337425
ETH - Adapted (Percentage-based),1177,982,83.43245539507221,1042.06002035059,2.1012145567614984,-5.237603458406159,2.0202944118808155,-88.10664131108365
